# List of Vgene seqeunces from the IMGT; ending including C104
# TRBV24*02 has a stop codon mutation before the C104
V	AA_seq
TRBV1*01	VTLLEQNPRWRLVPRGQAVNLRCILKNSQYPWMSWYQQDLQKQLQWLFTLRSPGDKEVKSLPGADYLATRVTDTELRLQVANMSQGRTLYC
TRBV1*02	VTLLEQNPRWRLVPRGQAVNLRCILKNSQYPWMSWYQQDLQKQLQWLFTLRSPRDKEVKSLPGADYLATRVTDTELRLQVANMSQGRTLYC
TRBV2*01	DPKIIQKPKYLVAVTGSEKILICEQYLGHNAMYWYRQSAKKPLEFMFSYSYQKLMDNQTASSRFQPQSSKKNHLDLQITALKPDDATYFC
TRBV3*01	GPKVLQIPSHQIIDMGQMVTLNCDPVSNHLYFYWYKQILGQQMEFLVNFYNGKVMEKSKLFKDQFSVERPDGSYFTLKIQPTALEDSAVYFC
TRBV3*02	GPKVLQIPSHQIIDMGQMVTLNCDPVSNHLYFYWYKQILGQQMEFLVNFYNVKVMEKSKLFKDQFSVERPDGSYFTLKIQPTALEDSAVYFC
TRBV4*01	ETAVFQTPNYHVTQVGNEVSFNCKQTLGHDTMYWYKQDSKKLLKIMFSYNNKQLIVNETVPRRFSPQSSDKAHLNLRIKSVEPEDSAVYLC
TRBV4*02	ETAVFQTPNYRVTRVGNEVSFNCEQTLDHNTMYWYKQDSKKLLKIMFSYNNKQLIVNETVPRRFSPQSSDKAHLNLRIKSVELEDSAVYLC
TRBV5*01	NTKITQSPRYLILGRANKSLECEQHLGHNAMYWYKQSAEKPPELMFLYNLKQLIRNETVPSRFIPECPDSSKLLLHISAVDPEDSAVYFC
TRBV5*02	NTKITQSPRYLILGRANKSLECEQHLGHNAMYWYKQSAEKPPELMFLYNLKQLIRNETVPSRFIPECPDSSKLLLHISAVDPEDSAVYFC
TRBV5*03	NTKITQSPRYLILGRTNKSLECEQHLGHNAMYWYKQSAEKPPELMFLYNLKQLIRNETVPSRFIPECPDSSKLLLHISAVDPEDSAVYFC
TRBV5*04	NTKITQSPRYLILGRANKSLECQQHLGHNAMYWYKQSAEKPPELMFLYNLKQLIRNETVPSRFIPECPDSSKLLLHISAVDPEDSAVYFC
TRBV5*05	NTKITQSPRYLILGRANKSLECEQHLGHNAMYWYKQSAEKPPELMFLYSVKQLIRNETVPSRFIPECPDSSKLLLHVSAVDLEDSAVYFC
TRBV12-1*01	DSGVVQSPRHIIKEKGGRSVLTCIPISGHSNVVWYQQTLGKELKFLIQHYEKVERDKGFLP SRFSVQQFDDYHSEMNMSALELEDSAMYFC
TRBV12-1*02	DSGVVQSPRHIIKGKGGRSVLTCIPISGHSNVVWYQQTLGKELKFLIQHYEKVERDKGFLPSRFSVQQFDDYHSEMNMSALELEDSAMYFC
TRBV12-2*01	NSGVVQSPRYIIKGKGERSILKCIPISGHLSVAWYQQTQGQELKFFIQHYDKMERDKGNLPSRFSVQQFDDYHSEMNMSALELEDSAVYFC
TRBV12-2*02	NSGVVQSPRYIIKGKGERSILKCTPISGHLSVAWYQQTQGQELKFFIQHYDKMERDKGNLPSRFSVQQFDDYHSEMNMSALELEDSAVYFC
TRBV13-1*01	EAAVTQSPRNKVTVTGGNVTLSCRQTNSHNYMYWYRQDTGHGLRLIHYSYGAGNLRIGDVPDGYKATRTTQEDFFLLLELASPSQTSLYFC
TRBV13-1*02	EAAVTQSPRNKVTVTGGNVTLSCRQTNSHNYMYWYRQDTGHGLRLIHYSYGAGNLQIGDVPDGYKATRTTQEDFFLLLELASPSQTSLYFC
TRBV13-2*01	EAAVTQSPRNKVAVTGGKVTLSCNQTNNHNNMYWYRQDTGHGLRLIHYSYGAGSTEKGDIPDGYKASRPSQENFSLILELATPSQTSVYFC
TRBV13-2*02	EAAVTQSPRNKVAVTGGKVTLSCNQTNNHNNMYWYRQDTGHGLRLIHYSYGAGSTEKGDIPDGYKASRPSQENFSLILELATPSQTSVYFC
TRBV13-2*03	KAAVTQSPRNKVAVTGGKVTLSCNQTNNHNNMYWYRQDTGHGLRLIHYSYGAGSTQKADIPDGYKASRPSQENFSLILELATPSQTSVYFC
TRBV13-2*04	EAAVTQSPRNKVAVTGGKVTLSCDQTNNHNNMYWYRQDTGHGLRLIHYSYGAGSTEKGDIPDGYKASRPSQENFSLILELATPSQTSVYFC
TRBV13-2*05	EAAVTQSPRSKVAVTGGKVTLSCDQTNNHNNMYWYRQDTGHGLRLIHYSYGADSTEKGDIPDGYKASRPSQKEFSLILELATPSQTSVYFC
TRBV13-3*01	EAAVTQSPRSKVAVTGGKVTLSCHQTNNHDYMYWYRQDTGHGLRLIHYSYVADSTEKGDIPDGYKASRPSQENFSLILELASLSQTAVYFC
TRBV14*01	EAGVTQSPRYAVLQEGQAVSFWCDPISGHDTLYWYQQPRDQGPQLLVYFRDEAVIDNSQLPSDRFSAVRPKGTNSTLKIQSAKQGDTATYLC
TRBV15*01	DAGVTQTPRHEVAEKGQTIILKCEPVSGHNDLFWYRQTKIQGLELLSYFRSKSLMEDGGAFKDRFKAEMLNSSFSTLKIQPTEPKDSAVYLC
TRBV16*01	NAGVIQTPRHKVTGKGQEATLWCEPISGHSAVFWYRQTIVQGLEFLTYFRNQAPIDDSGMPKERFSAQMPNQSHSTLKIQSTQPQDSAVYLC
TRBV16*02	NAGVIQTPRHKVTGKGQEATLWCEPISGHSAVFWYRQTIVQGLESLTYFRNQAPIDDSGMPKERFSAQMPNQSHSTLKIQSTQPQDSAVYLC
TRBV16*03	NAGVIQTPRHKVTGKGQEATLWCERISGHSAVFWYRQTSVQGLEFLTYFRNQAPIDDSGMPKERFSAQMPNQSHSTLKIQSTQPQDSAVYLC
TRBV16*04	NAGVIQTPRHKVTGKGQEATLWCEPISGHSAVFWYRQTIVQGLEFLIYFRNQAPIDDSGMPKERFSAQMPNQSHSTLKIQSTQPQDSAVYLC
TRBV17*01	DTTVKQNPRYKLARVGKPVNLICSQTMNHDTMYWYQKKPNQAPKLLLFYYDKILNREADTFEKFQSSRPNNSFCSLYIGSAGLEYSAMYLC
TRBV19*01	GGIITQTPKFLIGQEGQKLTLKCQQNFNHDTMYWYRQDSGKGLRLIYYSITENDLQKGDLSEGYDASREKKSSFSLTVTSAQKNEMAVFLC
TRBV19*02	GGIITQTPKFLIGQEGQKLTLKCQQNFNHDTMYWYRQDSGKGLRLIYYSITENDLQKGDLSEGYDASREKKSSFSLTVTSAQKNEMTVFLC
TRBV19*03	GGIITQTPKFLIGQEGQKLTLKCQQNFNHDSMYWYRQDSGKGLRLIYYSITENDLQKGDLSEGYDASREKKSSFSLTVTSAQKNEMAVFLC
TRBV20*01	GALVYQYPRRTICKSGTSMRMECQAVGFQATSVAWYRQSPQKTFELIALSTVNSAIKYEQNFTQEKFPISHPNLSFSSMTVLNAYLEDRGLYLC
TRBV20*02	GALVYQYPRRTICKSGTSMRMECQAVGFQATSVAWYRQSPQKAFELIALSTVNSAIKYEQNFTQEKFPISHPNLSFSSMTVLNAYLEDRGLYLC
TRBV21*01	DSGVVQNPRHLVKGKEQKAKMDCTPINGHSYVYWYYKKPGEELKFLVYFQNEDIIDKIDMIGKNISAKCPAKKPCTIEIQSSKLTDSAVYFC
TRBV23*01	DAAVTQKPRYLIKMKGQEAEMKCIPEKGHTAVFWYQQKQSKELKFLIYFQNQQPLDQIDMVKERFSAVCPSSSLCSLGIRTCEAEDSALYLC
TRBV24*01	VAGVTQTPRYLVKEKGQKAHMSCSPEKGHTAFYWYQQNQKQELTFLISFRNEEIMEQTDLVKKRFSAKCSSNSRCILEILSSEEDDSALYLC
TRBV24*02	VAGVTQTPRYLVKEKGQKAHMSCSPEKGHTAFYWYQQNQKQELTFLINFRNEEIMEQTDLVKKRFSAKCSSNSQCILEILSSEEDDSALYLC
TRBV24*03	VAGVTQTPRYLVKEKGQKAHMSCSPEKGHTAFYWYQQNQKQELTFLINFRNEEIMEQTDLVKKRFSAKCSSNSQCILEILSSEEDDSALYLC
TRBV24*04	VAGVTQTPRYLVKEKGQKAHMSCSPEKGHTAFYWYQQNQKQELIFLINFRNEEIMEQTDLVKKRFSAKCSSNSRCILEILSSEEDDSALYLC
TRBV26*01	NSKVIQTPRYLVKGQGQKAKMRCIPEKGHPVVFWYQQNKNNEFKFLINFQNQEVLQQIDMTEKRFSAECPSNSPCSLEIQSSEAGDSALYLC
TRBV26*02	NSKVIQTPRYLVKGQGQKAKMRCIPEKGHPFVFWYQQNKNNEFKFLINFQNQEVLQQIDMTEKRFSAECPSNSPCSLEIQSSEAGDSALYLC
TRBV29*01	DMKVTQMPRYLIKRMGENVLLECGQDMSHETMYWYRQDPGLGLQLIYISYDVDSNSEGDIPKGYRVSRKKREHFSLILDSAKTNQTSVYFC
TRBV29*02	DMKVTQMSRYLIKRMGENVLLECGQDMSHETMYWYRQDPGLGLQLIYISYDVDSNSEGDIPKGYRVSRKKREHFSLILDSAKTNQTSVYFC
TRBV30*01	SVLLYQKPNRDICQSGTSLKIQCVADSQVVSMFWYQQFQEQSLMLMATANEGSEATYESGFTKDKFPISRPNLTFSTLTVNNARPGDSSIYFC
TRBV31*01	AQTIHQWPVAEIKAVGSPLSLGCTIKGKSSPNLYWYWQATGGTLQQLFYSITVGQVESVVQLNLSASRPKDDQFILSTEKLLLSHSGFYLC
TRBV31*02	AQTIHQWPVAEIKAVGNPLSLGCTIKGKSSPNLYWYWQATGGTLQQLFYSITVGQVESVVQLNLSASRPKDDQFILSTEKLLLSHSGFYLC