CASRPGLAGGRPEQYF	TRBV06-5_01	LLFGYPVYV:HLA-A_02:01:59
CASSYPGGGFYEQYF	TRBV06-5_01	LLFGYPVYV:HLA-A_02:01:48
CASRPGLMSAQPEQYF	TRBV06-5_01	LLFGYPVYV:HLA-A_02:01:48
CSVEDGYEQYF	TRBV29-1_01	CVNGSCFTV:HLA-A_02:01
CASSNSEGSGANVLTF	TRBV19_01	CVNGSCFTV:HLA-A_02:01
CASSPLYVALREQYF	TRBV14_01	CVNGSCFTV:HLA-A_02:01
CASTSGNTGELFF	TRBV13_01	CVNGSCFTV:HLA-A_02:01
CASSPTVAGEQFF	TRBV27_01	CVNGSCFTV:HLA-A_02:01
CASNPLSAGNQPQHF	TRBV27_01	CVNGSCFTV:HLA-A_02:01
CASSEDQGLTATYEQYF	TRBV10-1_01	CVNGSCFTV:HLA-A_02:01
CSARVPDSNTGELFF	TRBV20-1_01	CVNGSCFTV:HLA-A_02:01
CASSSPRTGYNYGYTF	TRBV28_01	CVNGSCFTV:HLA-A_02:01
CASSPTSGGNNEQFF	TRBV06-1_01	CVNGSCFTV:HLA-A_02:01
CASSQDRGVLVLIDQPQHF	TRBV14_01	CVNGSCFTV:HLA-A_02:01
CSARTEGAEAFF	TRBV20-1_01	CVNGSCFTV:HLA-A_02:01
CASSYWTGSSAETQYF	TRBV14_01	CVNGSCFTV:HLA-A_02:01
CSARTSGDFGEQFF	TRBV20-1_01	CVNGSCFTV:HLA-A_02:01
CASSQETGDEQYF	TRBV14_01	GPGMKARVL:HLA-B_07:02
CASSLELGDEQFF	TRBV07-6_01	GPGMKARVL:HLA-B_07:02
CASSLELGDEQFF	TRBV07-6_01	GPGMKARVL:HLA-B_07:02
CASSQETGDEQYF	TRBV14_01	GPGMKARVL:HLA-B_07:02
CASSLELGDEQFF	TRBV07-6_01	GPGMKARVL:HLA-B_07:02
CASSQETGDTQYF	TRBV14_01	GPGMKARVL:HLA-B_07:02
CASSQETGDTQYF	TRBV14_01	GPGMKARVL:HLA-B_07:02
CASSLETGDEQYF	TRBV07-6_01	GPGMKARVL:HLA-B_07:02
CASSLETGDEQYF	TRBV07-6_01	GPGMKARVL:HLA-B_07:02
CASSQETGDTQYF	TRBV14_01	GPGMKARVL:HLA-B_07:02
CASSLETGDEQYF	TRBV07-6_01	GPGMKARVL:HLA-B_07:02
CASSLETGDEQYF	TRBV07-6_01	GPGMKARVL:HLA-B_07:02
CASRDSSYEQYF	TRBV28_01	RLRPGGRKR:HLA-A_03:01
CATSDDGTPNNEQFF	TRBV24-1_01	RLRPGGRKR:HLA-A_03:01
CASSDTLNTEAFF	TRBV10-1_01	RLRPGGRKR:HLA-A_03:01
CASSPLGGLGNEQFF	TRBV28_01	RLRPGGRKR:HLA-A_03:01
CASSPGWGLDQPQHF	TRBV05-6_01	RLRPGGRKR:HLA-A_03:01
CASRDSSYEQYF	TRBV28_01	RLRPGGRKR:HLA-A_03:01
CATSDDGTPNNEQFF	TRBV24-1_01	RLRPGGRKR:HLA-A_03:01
CASSLGWGLDQPQHF	TRBV05-6_01	RLRPGGRKR:HLA-A_03:01
CASSLGAAVREQYF	TRBV27_01	LPRRSGAAGA:HLA-B_07:02
CASSVESGGLSYEQYF	TRBV09_01	LPRRSGAAGA:HLA-B_07:02
CASSLGRETQYF	TRBV28_01	LPRRSGAAGA:HLA-B_07:02
CASSLAGQGSPYEQYF	TRBV07-8_01	LPRRSGAAGA:HLA-B_07:02
CASSLAGQGSPYEQYF	TRBV07-8_01	LPRRSGAAGA:HLA-B_07:02
CASSLIGVSSYNEQFF	TRBV07-9_01	LPRRSGAAGA:HLA-B_07:02
CAWSDRGLVDTQYF	TRBV30_01	LPRRSGAAGA:HLA-B_07:02
CASSGDHSYEQYF	TRBV03-1_01	LPRRSGAAGA:HLA-B_07:02
CASGGTGATYSNQPQHF	TRBV28_01	LLLGIGILV:HLA-A_02
CASRPDFTGEQYF	TRBV10-1_01	LLLGIGILV:HLA-A_02
CASSPTSIANTGELFF	TRBV07-7_01	LLLGIGILV:HLA-A_02
CASSTASYEQYF	TRBV28_01	LLLGIGILV:HLA-A_02
CSGGQGDGYTF	TRBV29-1_01	LLLGIGILV:HLA-A_02
CASSQGPFREEAFF	TRBV04-1_01	LLLGIGILV:HLA-A_02
CATSDLSQGVDTQYF	TRBV24-1_01	LLLGIGILV:HLA-A_02
CASSQGQLNTGELFF	TRBV27_01	LLLGIGILV:HLA-A_02
CASSVGRFVGPYEKLFF	TRBV09_01	LLLGIGILV:HLA-A_02
